{"cameraMode":{"drawMode":0,"name":"Shaded","section":"Shading Mode"},"sceneLighting":true,"audioPlay":false,"sceneViewState":{"showFog":true,"showMaterialUpdate":true,"showSkybox":true,"showFlares":true,"showImageEffects":true,"showParticleSystems":true},"in2DMode":false,"pivot":{"x":31.43024253845215,"y":14.95389175415039,"z":-169.74072265625},"rotation":{"x":-0.10207872092723847,"y":0.0319240540266037,"z":-0.0032773595303297045,"w":-0.9942602515220642},"size":9.71743392944336,"orthographic":false}